"GEO_ID","NAME","B15003_001E","B15003_001M","B15003_001MA","B15003_001EA","B15003_002E","B15003_002M","B15003_002MA","B15003_002EA","B15003_003E","B15003_003M","B15003_003MA","B15003_003EA","B15003_004E","B15003_004M","B15003_004MA","B15003_004EA","B15003_005E","B15003_005EA","B15003_005M","B15003_005MA","B15003_006E","B15003_006M","B15003_006MA","B15003_006EA","B15003_007E","B15003_007M","B15003_007MA","B15003_007EA","B15003_008E","B15003_008M","B15003_008MA","B15003_008EA","B15003_009E","B15003_009M","B15003_009MA","B15003_009EA","B15003_010E","B15003_010M","B15003_010MA","B15003_010EA","B15003_011E","B15003_011M","B15003_011MA","B15003_011EA","B15003_012E","B15003_012M","B15003_012MA","B15003_012EA","B15003_013E","B15003_013EA","B15003_013M","B15003_013MA","B15003_014E","B15003_014M","B15003_014MA","B15003_014EA","B15003_015E","B15003_015M","B15003_015MA","B15003_015EA","B15003_016E","B15003_016M","B15003_016MA","B15003_016EA","B15003_017E","B15003_017M","B15003_017MA","B15003_017EA","B15003_018E","B15003_018M","B15003_018MA","B15003_018EA","B15003_019E","B15003_019M","B15003_019MA","B15003_019EA","B15003_020E","B15003_020M","B15003_020MA","B15003_020EA","B15003_021E","B15003_021M","B15003_021MA","B15003_021EA","B15003_022E","B15003_022M","B15003_022MA","B15003_022EA","B15003_023E","B15003_023M","B15003_023MA","B15003_023EA","B15003_024E","B15003_024M","B15003_024MA","B15003_024EA","B15003_025E","B15003_025EA","B15003_025M","B15003_025MA",
"Geography","Geographic Area Name","Estimate!!Total:","Margin of Error!!Total:","Annotation of Margin of Error!!Total:","Annotation of Estimate!!Total:","Estimate!!Total:!!No schooling completed","Margin of Error!!Total:!!No schooling completed","Annotation of Margin of Error!!Total:!!No schooling completed","Annotation of Estimate!!Total:!!No schooling completed","Estimate!!Total:!!Nursery school","Margin of Error!!Total:!!Nursery school","Annotation of Margin of Error!!Total:!!Nursery school","Annotation of Estimate!!Total:!!Nursery school","Estimate!!Total:!!Kindergarten","Margin of Error!!Total:!!Kindergarten","Annotation of Margin of Error!!Total:!!Kindergarten","Annotation of Estimate!!Total:!!Kindergarten","Estimate!!Total:!!1st grade","Annotation of Estimate!!Total:!!1st grade","Margin of Error!!Total:!!1st grade","Annotation of Margin of Error!!Total:!!1st grade","Estimate!!Total:!!2nd grade","Margin of Error!!Total:!!2nd grade","Annotation of Margin of Error!!Total:!!2nd grade","Annotation of Estimate!!Total:!!2nd grade","Estimate!!Total:!!3rd grade","Margin of Error!!Total:!!3rd grade","Annotation of Margin of Error!!Total:!!3rd grade","Annotation of Estimate!!Total:!!3rd grade","Estimate!!Total:!!4th grade","Margin of Error!!Total:!!4th grade","Annotation of Margin of Error!!Total:!!4th grade","Annotation of Estimate!!Total:!!4th grade","Estimate!!Total:!!5th grade","Margin of Error!!Total:!!5th grade","Annotation of Margin of Error!!Total:!!5th grade","Annotation of Estimate!!Total:!!5th grade","Estimate!!Total:!!6th grade","Margin of Error!!Total:!!6th grade","Annotation of Margin of Error!!Total:!!6th grade","Annotation of Estimate!!Total:!!6th grade","Estimate!!Total:!!7th grade","Margin of Error!!Total:!!7th grade","Annotation of Margin of Error!!Total:!!7th grade","Annotation of Estimate!!Total:!!7th grade","Estimate!!Total:!!8th grade","Margin of Error!!Total:!!8th grade","Annotation of Margin of Error!!Total:!!8th grade","Annotation of Estimate!!Total:!!8th grade","Estimate!!Total:!!9th grade","Annotation of Estimate!!Total:!!9th grade","Margin of Error!!Total:!!9th grade","Annotation of Margin of Error!!Total:!!9th grade","Estimate!!Total:!!10th grade","Margin of Error!!Total:!!10th grade","Annotation of Margin of Error!!Total:!!10th grade","Annotation of Estimate!!Total:!!10th grade","Estimate!!Total:!!11th grade","Margin of Error!!Total:!!11th grade","Annotation of Margin of Error!!Total:!!11th grade","Annotation of Estimate!!Total:!!11th grade","Estimate!!Total:!!12th grade, no diploma","Margin of Error!!Total:!!12th grade, no diploma","Annotation of Margin of Error!!Total:!!12th grade, no diploma","Annotation of Estimate!!Total:!!12th grade, no diploma","Estimate!!Total:!!Regular high school diploma","Margin of Error!!Total:!!Regular high school diploma","Annotation of Margin of Error!!Total:!!Regular high school diploma","Annotation of Estimate!!Total:!!Regular high school diploma","Estimate!!Total:!!GED or alternative credential","Margin of Error!!Total:!!GED or alternative credential","Annotation of Margin of Error!!Total:!!GED or alternative credential","Annotation of Estimate!!Total:!!GED or alternative credential","Estimate!!Total:!!Some college, less than 1 year","Margin of Error!!Total:!!Some college, less than 1 year","Annotation of Margin of Error!!Total:!!Some college, less than 1 year","Annotation of Estimate!!Total:!!Some college, less than 1 year","Estimate!!Total:!!Some college, 1 or more years, no degree","Margin of Error!!Total:!!Some college, 1 or more years, no degree","Annotation of Margin of Error!!Total:!!Some college, 1 or more years, no degree","Annotation of Estimate!!Total:!!Some college, 1 or more years, no degree","Estimate!!Total:!!Associate's degree","Margin of Error!!Total:!!Associate's degree","Annotation of Margin of Error!!Total:!!Associate's degree","Annotation of Estimate!!Total:!!Associate's degree","Estimate!!Total:!!Bachelor's degree","Margin of Error!!Total:!!Bachelor's degree","Annotation of Margin of Error!!Total:!!Bachelor's degree","Annotation of Estimate!!Total:!!Bachelor's degree","Estimate!!Total:!!Master's degree","Margin of Error!!Total:!!Master's degree","Annotation of Margin of Error!!Total:!!Master's degree","Annotation of Estimate!!Total:!!Master's degree","Estimate!!Total:!!Professional school degree","Margin of Error!!Total:!!Professional school degree","Annotation of Margin of Error!!Total:!!Professional school degree","Annotation of Estimate!!Total:!!Professional school degree","Estimate!!Total:!!Doctorate degree","Annotation of Estimate!!Total:!!Doctorate degree","Margin of Error!!Total:!!Doctorate degree","Annotation of Margin of Error!!Total:!!Doctorate degree",
"1500000US516500101031","Block Group 1, Census Tract 101.03, Hampton city, Virginia","859","242","null","null","0","13","null","null","0","13","null","null","0","13","null","null","0","null","13","null","0","13","null","null","0","13","null","null","0","13","null","null","0","13","null","null","0","13","null","null","0","13","null","null","0","13","null","null","0","null","13","null","0","13","null","null","0","13","null","null","28","37","null","null","201","133","null","null","49","58","null","null","73","67","null","null","61","56","null","null","106","94","null","null","182","106","null","null","80","69","null","null","0","13","null","null","79","null","105","null",
"1500000US516500101032","Block Group 2, Census Tract 101.03, Hampton city, Virginia","1107","267","null","null","0","13","null","null","0","13","null","null","0","13","null","null","0","null","13","null","0","13","null","null","0","13","null","null","0","13","null","null","0","13","null","null","0","13","null","null","0","13","null","null","0","13","null","null","0","null","13","null","0","13","null","null","0","13","null","null","0","13","null","null","120","106","null","null","0","13","null","null","133","87","null","null","389","175","null","null","84","46","null","null","180","82","null","null","201","102","null","null","0","13","null","null","0","null","13","null",
"1500000US516500101033","Block Group 3, Census Tract 101.03, Hampton city, Virginia","853","299","null","null","0","13","null","null","18","29","null","null","0","13","null","null","0","null","13","null","0","13","null","null","0","13","null","null","0","13","null","null","0","13","null","null","0","13","null","null","0","13","null","null","0","13","null","null","0","null","13","null","0","13","null","null","43","57","null","null","0","13","null","null","213","167","null","null","0","13","null","null","33","51","null","null","124","83","null","null","76","89","null","null","221","106","null","null","125","126","null","null","0","13","null","null","0","null","13","null",
"1500000US516500101034","Block Group 4, Census Tract 101.03, Hampton city, Virginia","861","193","null","null","19","30","null","null","0","13","null","null","1","2","null","null","0","null","13","null","0","13","null","null","0","13","null","null","0","13","null","null","0","13","null","null","14","25","null","null","0","13","null","null","0","13","null","null","0","null","13","null","32","51","null","null","0","13","null","null","14","21","null","null","144","77","null","null","29","32","null","null","29","31","null","null","148","92","null","null","98","74","null","null","259","133","null","null","56","43","null","null","0","13","null","null","18","null","27","null",
"1500000US516500101035","Block Group 5, Census Tract 101.03, Hampton city, Virginia","713","175","null","null","0","13","null","null","0","13","null","null","0","13","null","null","0","null","13","null","0","13","null","null","0","13","null","null","0","13","null","null","0","13","null","null","9","16","null","null","0","13","null","null","0","13","null","null","0","null","13","null","0","13","null","null","12","19","null","null","0","13","null","null","88","77","null","null","49","44","null","null","52","44","null","null","120","83","null","null","72","54","null","null","212","139","null","null","90","65","null","null","9","16","null","null","0","null","13","null",
"1500000US516500101036","Block Group 6, Census Tract 101.03, Hampton city, Virginia","499","159","null","null","0","13","null","null","0","13","null","null","0","13","null","null","0","null","13","null","0","13","null","null","0","13","null","null","0","13","null","null","0","13","null","null","0","13","null","null","0","13","null","null","0","13","null","null","0","null","13","null","14","23","null","null","0","13","null","null","36","36","null","null","121","113","null","null","0","13","null","null","39","46","null","null","94","70","null","null","34","39","null","null","109","89","null","null","52","54","null","null","0","13","null","null","0","null","13","null",
"1500000US516500101041","Block Group 1, Census Tract 101.04, Hampton city, Virginia","828","291","null","null","0","13","null","null","0","13","null","null","0","13","null","null","0","null","13","null","0","13","null","null","0","13","null","null","0","13","null","null","0","13","null","null","0","13","null","null","0","13","null","null","0","13","null","null","0","null","13","null","0","13","null","null","0","13","null","null","11","19","null","null","202","173","null","null","0","13","null","null","14","24","null","null","192","145","null","null","70","69","null","null","195","195","null","null","110","92","null","null","27","41","null","null","7","null","16","null",
"1500000US516500101042","Block Group 2, Census Tract 101.04, Hampton city, Virginia","1734","682","null","null","26","42","null","null","0","13","null","null","0","13","null","null","0","null","13","null","0","13","null","null","0","13","null","null","0","13","null","null","0","13","null","null","0","13","null","null","0","13","null","null","0","13","null","null","74","null","77","null","192","173","null","null","0","13","null","null","0","13","null","null","779","396","null","null","55","53","null","null","253","179","null","null","112","96","null","null","236","190","null","null","7","12","null","null","0","13","null","null","0","13","null","null","0","null","13","null",
"1500000US516500101043","Block Group 3, Census Tract 101.04, Hampton city, Virginia","392","230","null","null","0","13","null","null","0","13","null","null","0","13","null","null","0","null","13","null","0","13","null","null","0","13","null","null","0","13","null","null","0","13","null","null","27","44","null","null","0","13","null","null","0","13","null","null","0","null","13","null","0","13","null","null","22","35","null","null","26","42","null","null","125","107","null","null","0","13","null","null","0","13","null","null","58","69","null","null","64","64","null","null","56","60","null","null","14","23","null","null","0","13","null","null","0","null","13","null",
"1500000US516500101044","Block Group 4, Census Tract 101.04, Hampton city, Virginia","564","240","null","null","3","7","null","null","0","13","null","null","0","13","null","null","0","null","13","null","0","13","null","null","0","13","null","null","0","13","null","null","0","13","null","null","0","13","null","null","0","13","null","null","0","13","null","null","3","null","6","null","0","13","null","null","0","13","null","null","18","30","null","null","154","90","null","null","78","68","null","null","0","13","null","null","224","205","null","null","25","34","null","null","25","42","null","null","34","39","null","null","0","13","null","null","0","null","13","null",
"1500000US516500101045","Block Group 5, Census Tract 101.04, Hampton city, Virginia","1018","352","null","null","2","3","null","null","0","13","null","null","0","13","null","null","0","null","13","null","0","13","null","null","0","13","null","null","0","13","null","null","0","13","null","null","0","13","null","null","0","13","null","null","0","13","null","null","0","null","13","null","0","13","null","null","0","13","null","null","0","13","null","null","137","94","null","null","66","64","null","null","33","55","null","null","211","177","null","null","168","126","null","null","277","207","null","null","98","66","null","null","0","13","null","null","26","null","45","null",
"1500000US516500102001","Block Group 1, Census Tract 102, Hampton city, Virginia","481","100","null","null","0","13","null","null","0","13","null","null","0","13","null","null","0","null","13","null","0","13","null","null","0","13","null","null","0","13","null","null","0","13","null","null","0","13","null","null","0","13","null","null","0","13","null","null","0","null","13","null","0","13","null","null","4","6","null","null","0","13","null","null","36","34","null","null","12","18","null","null","0","13","null","null","96","58","null","null","67","47","null","null","147","57","null","null","110","44","null","null","4","7","null","null","5","null","7","null",
"1500000US516500103041","Block Group 1, Census Tract 103.04, Hampton city, Virginia","1028","314","null","null","0","13","null","null","0","13","null","null","0","13","null","null","0","null","13","null","0","13","null","null","0","13","null","null","0","13","null","null","0","13","null","null","0","13","null","null","0","13","null","null","0","13","null","null","0","null","13","null","0","13","null","null","0","13","null","null","64","93","null","null","365","176","null","null","44","58","null","null","121","124","null","null","72","48","null","null","86","78","null","null","150","82","null","null","94","70","null","null","14","22","null","null","18","null","28","null",
"1500000US516500103042","Block Group 2, Census Tract 103.04, Hampton city, Virginia","2198","472","null","null","21","36","null","null","0","13","null","null","0","13","null","null","0","null","13","null","0","13","null","null","0","13","null","null","0","13","null","null","0","13","null","null","0","13","null","null","0","13","null","null","0","13","null","null","10","null","17","null","0","13","null","null","14","28","null","null","38","56","null","null","458","189","null","null","28","29","null","null","196","132","null","null","592","353","null","null","280","156","null","null","350","188","null","null","149","92","null","null","13","21","null","null","49","null","66","null",
"1500000US516500103043","Block Group 3, Census Tract 103.04, Hampton city, Virginia","1051","321","null","null","0","13","null","null","0","13","null","null","0","13","null","null","0","null","13","null","0","13","null","null","0","13","null","null","0","13","null","null","0","13","null","null","0","13","null","null","0","13","null","null","0","13","null","null","0","null","13","null","0","13","null","null","0","13","null","null","0","13","null","null","289","200","null","null","68","78","null","null","17","28","null","null","171","163","null","null","204","159","null","null","149","116","null","null","102","65","null","null","11","24","null","null","40","null","51","null",
"1500000US516500103044","Block Group 4, Census Tract 103.04, Hampton city, Virginia","1109","285","null","null","0","13","null","null","0","13","null","null","0","13","null","null","0","null","13","null","0","13","null","null","0","13","null","null","0","13","null","null","0","13","null","null","0","13","null","null","0","13","null","null","0","13","null","null","0","null","13","null","0","13","null","null","0","13","null","null","38","40","null","null","269","204","null","null","23","35","null","null","89","73","null","null","120","88","null","null","160","121","null","null","224","126","null","null","130","73","null","null","10","16","null","null","46","null","73","null",
"1500000US516500103061","Block Group 1, Census Tract 103.06, Hampton city, Virginia","920","304","null","null","0","13","null","null","0","13","null","null","0","13","null","null","0","null","13","null","0","13","null","null","0","13","null","null","0","13","null","null","5","13","null","null","0","13","null","null","0","13","null","null","0","13","null","null","0","null","13","null","0","13","null","null","68","104","null","null","0","13","null","null","240","148","null","null","31","51","null","null","65","56","null","null","212","131","null","null","67","59","null","null","160","116","null","null","54","47","null","null","0","13","null","null","18","null","24","null",
"1500000US516500103062","Block Group 2, Census Tract 103.06, Hampton city, Virginia","1531","429","null","null","19","31","null","null","0","13","null","null","25","37","null","null","0","null","13","null","0","13","null","null","0","13","null","null","0","13","null","null","0","13","null","null","0","13","null","null","0","13","null","null","0","13","null","null","15","null","24","null","0","13","null","null","151","132","null","null","0","13","null","null","368","196","null","null","42","65","null","null","262","186","null","null","247","152","null","null","171","125","null","null","134","83","null","null","97","83","null","null","0","13","null","null","0","null","13","null",
"1500000US516500103063","Block Group 3, Census Tract 103.06, Hampton city, Virginia","972","304","null","null","0","13","null","null","0","13","null","null","0","13","null","null","0","null","13","null","0","13","null","null","0","13","null","null","0","13","null","null","13","21","null","null","13","21","null","null","0","13","null","null","20","31","null","null","2","null","5","null","0","13","null","null","0","13","null","null","17","22","null","null","292","163","null","null","0","13","null","null","63","57","null","null","329","206","null","null","47","57","null","null","46","48","null","null","130","116","null","null","0","13","null","null","0","null","13","null",
"1500000US516500103064","Block Group 4, Census Tract 103.06, Hampton city, Virginia","409","151","null","null","0","13","null","null","0","13","null","null","0","13","null","null","0","null","13","null","0","13","null","null","0","13","null","null","0","13","null","null","0","13","null","null","0","13","null","null","0","13","null","null","0","13","null","null","0","null","13","null","0","13","null","null","2","5","null","null","0","13","null","null","190","120","null","null","3","6","null","null","14","22","null","null","63","49","null","null","52","47","null","null","0","13","null","null","85","78","null","null","0","13","null","null","0","null","13","null",
"1500000US516500103071","Block Group 1, Census Tract 103.07, Hampton city, Virginia","1334","285","null","null","49","78","null","null","0","13","null","null","0","13","null","null","0","null","13","null","0","13","null","null","0","13","null","null","0","13","null","null","0","13","null","null","0","13","null","null","0","13","null","null","0","13","null","null","52","null","64","null","0","13","null","null","0","13","null","null","21","35","null","null","275","136","null","null","11","18","null","null","74","72","null","null","183","110","null","null","145","94","null","null","333","125","null","null","99","56","null","null","46","47","null","null","46","null","50","null",
"1500000US516500103072","Block Group 2, Census Tract 103.07, Hampton city, Virginia","1185","532","null","null","128","185","null","null","0","13","null","null","0","13","null","null","0","null","13","null","0","13","null","null","0","13","null","null","0","13","null","null","0","13","null","null","0","13","null","null","0","13","null","null","0","13","null","null","0","null","13","null","70","89","null","null","0","13","null","null","0","13","null","null","267","180","null","null","0","13","null","null","13","23","null","null","179","151","null","null","45","56","null","null","98","81","null","null","287","139","null","null","59","59","null","null","39","null","52","null",
"1500000US516500103073","Block Group 3, Census Tract 103.07, Hampton city, Virginia","1162","257","null","null","0","13","null","null","0","13","null","null","0","13","null","null","0","null","13","null","0","13","null","null","0","13","null","null","0","13","null","null","0","13","null","null","0","13","null","null","11","24","null","null","0","13","null","null","11","null","24","null","62","53","null","null","0","13","null","null","0","13","null","null","116","70","null","null","62","85","null","null","78","90","null","null","177","93","null","null","61","70","null","null","204","120","null","null","320","127","null","null","25","33","null","null","35","null","39","null",
"1500000US516500103091","Block Group 1, Census Tract 103.09, Hampton city, Virginia","1121","314","null","null","0","13","null","null","0","13","null","null","0","13","null","null","0","null","13","null","0","13","null","null","0","13","null","null","0","13","null","null","0","13","null","null","0","13","null","null","0","13","null","null","0","13","null","null","5","null","11","null","0","13","null","null","36","57","null","null","15","21","null","null","362","146","null","null","23","27","null","null","103","53","null","null","285","189","null","null","90","59","null","null","160","127","null","null","42","66","null","null","0","13","null","null","0","null","13","null",
"1500000US516500103092","Block Group 2, Census Tract 103.09, Hampton city, Virginia","766","158","null","null","38","52","null","null","0","13","null","null","0","13","null","null","0","null","13","null","0","13","null","null","0","13","null","null","0","13","null","null","0","13","null","null","0","13","null","null","0","13","null","null","0","13","null","null","0","null","13","null","0","13","null","null","0","13","null","null","0","13","null","null","287","113","null","null","63","48","null","null","56","50","null","null","77","39","null","null","139","76","null","null","74","57","null","null","32","38","null","null","0","13","null","null","0","null","13","null",
"1500000US516500103093","Block Group 3, Census Tract 103.09, Hampton city, Virginia","1158","261","null","null","15","23","null","null","0","13","null","null","0","13","null","null","0","null","13","null","0","13","null","null","0","13","null","null","0","13","null","null","0","13","null","null","0","13","null","null","0","13","null","null","0","13","null","null","10","null","15","null","10","16","null","null","43","52","null","null","0","13","null","null","311","179","null","null","67","61","null","null","89","60","null","null","301","146","null","null","120","84","null","null","138","86","null","null","54","64","null","null","0","13","null","null","0","null","13","null",
"1500000US516500103101","Block Group 1, Census Tract 103.10, Hampton city, Virginia","1354","262","null","null","24","35","null","null","0","13","null","null","0","13","null","null","0","null","13","null","0","13","null","null","0","13","null","null","0","13","null","null","0","13","null","null","0","13","null","null","46","66","null","null","0","13","null","null","27","null","43","null","8","12","null","null","31","32","null","null","63","53","null","null","325","118","null","null","38","47","null","null","145","96","null","null","174","69","null","null","183","74","null","null","154","88","null","null","136","89","null","null","0","13","null","null","0","null","13","null",
"1500000US516500103102","Block Group 2, Census Tract 103.10, Hampton city, Virginia","670","185","null","null","0","13","null","null","0","13","null","null","0","13","null","null","0","null","13","null","0","13","null","null","0","13","null","null","0","13","null","null","0","13","null","null","0","13","null","null","8","12","null","null","7","13","null","null","4","null","7","null","9","14","null","null","0","13","null","null","8","12","null","null","307","182","null","null","23","26","null","null","61","38","null","null","62","48","null","null","41","33","null","null","74","48","null","null","38","37","null","null","11","16","null","null","17","null","28","null",
"1500000US516500103103","Block Group 3, Census Tract 103.10, Hampton city, Virginia","758","183","null","null","0","13","null","null","0","13","null","null","0","13","null","null","0","null","13","null","0","13","null","null","0","13","null","null","0","13","null","null","0","13","null","null","0","13","null","null","0","13","null","null","0","13","null","null","7","null","12","null","0","13","null","null","11","17","null","null","0","13","null","null","212","97","null","null","33","29","null","null","65","42","null","null","73","49","null","null","98","66","null","null","208","116","null","null","51","43","null","null","0","13","null","null","0","null","13","null",
"1500000US516500103111","Block Group 1, Census Tract 103.11, Hampton city, Virginia","1163","195","null","null","0","13","null","null","0","13","null","null","0","13","null","null","0","null","13","null","0","13","null","null","0","13","null","null","0","13","null","null","0","13","null","null","0","13","null","null","0","13","null","null","14","22","null","null","58","null","65","null","43","62","null","null","32","46","null","null","0","13","null","null","265","105","null","null","57","68","null","null","95","69","null","null","176","90","null","null","106","80","null","null","157","91","null","null","160","92","null","null","0","13","null","null","0","null","13","null",
"1500000US516500103112","Block Group 2, Census Tract 103.11, Hampton city, Virginia","1949","317","null","null","0","13","null","null","0","13","null","null","0","13","null","null","0","null","13","null","0","13","null","null","0","13","null","null","0","13","null","null","0","13","null","null","0","13","null","null","0","13","null","null","0","13","null","null","22","null","34","null","14","26","null","null","22","26","null","null","26","30","null","null","335","116","null","null","20","22","null","null","149","79","null","null","465","190","null","null","146","81","null","null","429","158","null","null","258","132","null","null","6","11","null","null","57","null","56","null",
"1500000US516500103121","Block Group 1, Census Tract 103.12, Hampton city, Virginia","1076","251","null","null","0","13","null","null","0","13","null","null","0","13","null","null","0","null","13","null","0","13","null","null","21","33","null","null","0","13","null","null","0","13","null","null","19","29","null","null","0","13","null","null","0","13","null","null","0","null","13","null","26","34","null","null","0","13","null","null","7","13","null","null","260","84","null","null","9","15","null","null","142","93","null","null","206","109","null","null","102","77","null","null","240","85","null","null","44","37","null","null","0","13","null","null","0","null","13","null",
"1500000US516500103122","Block Group 2, Census Tract 103.12, Hampton city, Virginia","748","362","null","null","0","13","null","null","0","13","null","null","0","13","null","null","0","null","13","null","0","13","null","null","0","13","null","null","0","13","null","null","31","46","null","null","0","13","null","null","0","13","null","null","0","13","null","null","0","null","13","null","6","12","null","null","0","13","null","null","44","53","null","null","234","220","null","null","0","13","null","null","46","40","null","null","168","113","null","null","81","53","null","null","125","120","null","null","13","15","null","null","0","13","null","null","0","null","13","null",
"1500000US516500103123","Block Group 3, Census Tract 103.12, Hampton city, Virginia","703","253","null","null","15","23","null","null","0","13","null","null","0","13","null","null","0","null","13","null","0","13","null","null","0","13","null","null","0","13","null","null","0","13","null","null","0","13","null","null","0","13","null","null","0","13","null","null","0","null","13","null","0","13","null","null","6","11","null","null","7","13","null","null","331","232","null","null","69","43","null","null","37","31","null","null","71","58","null","null","66","53","null","null","39","30","null","null","62","44","null","null","0","13","null","null","0","null","13","null",
"1500000US516500103141","Block Group 1, Census Tract 103.14, Hampton city, Virginia","1351","234","null","null","3","6","null","null","0","13","null","null","0","13","null","null","0","null","13","null","0","13","null","null","0","13","null","null","11","17","null","null","0","13","null","null","35","50","null","null","0","13","null","null","0","13","null","null","3","null","5","null","114","75","null","null","32","30","null","null","14","13","null","null","231","85","null","null","43","32","null","null","68","41","null","null","295","141","null","null","171","80","null","null","139","61","null","null","142","157","null","null","50","55","null","null","0","null","13","null",
"1500000US516500103151","Block Group 1, Census Tract 103.15, Hampton city, Virginia","1079","243","null","null","12","20","null","null","0","13","null","null","0","13","null","null","0","null","13","null","0","13","null","null","0","13","null","null","0","13","null","null","14","30","null","null","0","13","null","null","0","13","null","null","0","13","null","null","14","null","30","null","0","13","null","null","0","13","null","null","28","49","null","null","245","128","null","null","0","13","null","null","19","37","null","null","285","158","null","null","32","53","null","null","159","112","null","null","164","118","null","null","71","71","null","null","36","null","58","null",
"1500000US516500103152","Block Group 2, Census Tract 103.15, Hampton city, Virginia","1367","458","null","null","111","166","null","null","0","13","null","null","0","13","null","null","0","null","13","null","0","13","null","null","0","13","null","null","12","20","null","null","0","13","null","null","0","13","null","null","0","13","null","null","143","154","null","null","32","null","50","null","39","46","null","null","0","13","null","null","0","13","null","null","236","128","null","null","23","33","null","null","78","97","null","null","224","115","null","null","87","85","null","null","234","208","null","null","148","128","null","null","0","13","null","null","0","null","13","null",
"1500000US516500103161","Block Group 1, Census Tract 103.16, Hampton city, Virginia","1280","601","null","null","0","13","null","null","0","13","null","null","0","13","null","null","0","null","13","null","0","13","null","null","3","8","null","null","0","13","null","null","0","13","null","null","0","13","null","null","5","10","null","null","19","24","null","null","4","null","8","null","0","13","null","null","30","34","null","null","0","13","null","null","285","124","null","null","18","28","null","null","0","13","null","null","299","169","null","null","194","150","null","null","399","319","null","null","0","13","null","null","0","13","null","null","24","null","38","null",
"1500000US516500103162","Block Group 2, Census Tract 103.16, Hampton city, Virginia","906","253","null","null","29","47","null","null","0","13","null","null","0","13","null","null","0","null","13","null","0","13","null","null","0","13","null","null","0","13","null","null","0","13","null","null","0","13","null","null","0","13","null","null","0","13","null","null","0","null","13","null","0","13","null","null","0","13","null","null","0","13","null","null","214","152","null","null","14","23","null","null","49","57","null","null","160","101","null","null","84","92","null","null","262","160","null","null","77","80","null","null","0","13","null","null","17","null","30","null",
"1500000US516500103163","Block Group 3, Census Tract 103.16, Hampton city, Virginia","808","251","null","null","1","5","null","null","0","13","null","null","0","13","null","null","0","null","13","null","0","13","null","null","0","13","null","null","0","13","null","null","0","13","null","null","0","13","null","null","0","13","null","null","2","3","null","null","0","null","13","null","0","13","null","null","0","13","null","null","63","89","null","null","54","51","null","null","0","13","null","null","107","101","null","null","125","125","null","null","121","77","null","null","205","160","null","null","68","86","null","null","49","83","null","null","13","null","35","null",
"1500000US516500104001","Block Group 1, Census Tract 104, Hampton city, Virginia","380","227","null","null","0","13","null","null","0","13","null","null","0","13","null","null","0","null","13","null","0","13","null","null","0","13","null","null","0","13","null","null","0","13","null","null","0","13","null","null","0","13","null","null","0","13","null","null","0","null","13","null","0","13","null","null","15","24","null","null","0","13","null","null","139","89","null","null","0","13","null","null","0","13","null","null","104","99","null","null","76","72","null","null","46","38","null","null","0","13","null","null","0","13","null","null","0","null","13","null",
"1500000US516500104002","Block Group 2, Census Tract 104, Hampton city, Virginia","1088","592","null","null","45","63","null","null","0","13","null","null","0","13","null","null","0","null","13","null","0","13","null","null","0","13","null","null","0","13","null","null","0","13","null","null","0","13","null","null","0","13","null","null","0","13","null","null","0","null","13","null","0","13","null","null","0","13","null","null","0","13","null","null","554","526","null","null","77","79","null","null","58","60","null","null","144","96","null","null","101","157","null","null","49","38","null","null","60","56","null","null","0","13","null","null","0","null","13","null",
"1500000US516500104003","Block Group 3, Census Tract 104, Hampton city, Virginia","1740","430","null","null","0","13","null","null","0","13","null","null","0","13","null","null","0","null","13","null","0","13","null","null","24","36","null","null","0","13","null","null","0","13","null","null","33","54","null","null","0","13","null","null","15","28","null","null","19","null","38","null","68","67","null","null","98","90","null","null","57","56","null","null","647","275","null","null","18","30","null","null","127","98","null","null","257","144","null","null","198","131","null","null","149","139","null","null","20","27","null","null","0","13","null","null","10","null","17","null",
"1500000US516500104004","Block Group 4, Census Tract 104, Hampton city, Virginia","958","411","null","null","0","13","null","null","0","13","null","null","0","13","null","null","0","null","13","null","0","13","null","null","0","13","null","null","0","13","null","null","0","13","null","null","0","13","null","null","0","13","null","null","133","205","null","null","16","null","27","null","20","33","null","null","0","13","null","null","0","13","null","null","260","186","null","null","29","24","null","null","66","75","null","null","222","167","null","null","76","81","null","null","122","81","null","null","14","23","null","null","0","13","null","null","0","null","13","null",
"1500000US516500104005","Block Group 5, Census Tract 104, Hampton city, Virginia","452","165","null","null","0","13","null","null","0","13","null","null","0","13","null","null","0","null","13","null","0","13","null","null","0","13","null","null","0","13","null","null","0","13","null","null","0","13","null","null","0","13","null","null","15","23","null","null","0","null","13","null","0","13","null","null","0","13","null","null","37","60","null","null","140","85","null","null","0","13","null","null","14","29","null","null","7","11","null","null","46","52","null","null","166","121","null","null","12","20","null","null","15","26","null","null","0","null","13","null",
"1500000US516500105021","Block Group 1, Census Tract 105.02, Hampton city, Virginia","859","273","null","null","0","13","null","null","0","13","null","null","0","13","null","null","0","null","13","null","0","13","null","null","0","13","null","null","0","13","null","null","0","13","null","null","0","13","null","null","0","13","null","null","0","13","null","null","0","null","13","null","36","31","null","null","15","18","null","null","0","13","null","null","175","130","null","null","90","51","null","null","44","36","null","null","42","26","null","null","130","60","null","null","214","142","null","null","101","46","null","null","0","13","null","null","12","null","18","null",
"1500000US516500105022","Block Group 2, Census Tract 105.02, Hampton city, Virginia","363","175","null","null","0","13","null","null","0","13","null","null","0","13","null","null","0","null","13","null","0","13","null","null","0","13","null","null","0","13","null","null","0","13","null","null","0","13","null","null","0","13","null","null","0","13","null","null","0","null","13","null","0","13","null","null","0","13","null","null","8","16","null","null","179","147","null","null","11","17","null","null","36","30","null","null","0","13","null","null","55","51","null","null","55","43","null","null","19","30","null","null","0","13","null","null","0","null","13","null",
"1500000US516500105023","Block Group 3, Census Tract 105.02, Hampton city, Virginia","884","322","null","null","0","13","null","null","0","13","null","null","0","13","null","null","0","null","13","null","0","13","null","null","0","13","null","null","0","13","null","null","0","13","null","null","0","13","null","null","0","13","null","null","0","13","null","null","26","null","37","null","0","13","null","null","0","13","null","null","11","18","null","null","285","183","null","null","0","13","null","null","113","94","null","null","165","98","null","null","55","57","null","null","171","110","null","null","58","43","null","null","0","13","null","null","0","null","13","null",
"1500000US516500105031","Block Group 1, Census Tract 105.03, Hampton city, Virginia","878","350","null","null","9","15","null","null","0","13","null","null","0","13","null","null","0","null","13","null","0","13","null","null","0","13","null","null","0","13","null","null","0","13","null","null","0","13","null","null","0","13","null","null","3","5","null","null","12","null","16","null","42","45","null","null","13","22","null","null","0","13","null","null","277","190","null","null","40","48","null","null","108","73","null","null","180","117","null","null","99","84","null","null","70","109","null","null","25","34","null","null","0","13","null","null","0","null","13","null",
"1500000US516500105032","Block Group 2, Census Tract 105.03, Hampton city, Virginia","937","451","null","null","0","13","null","null","0","13","null","null","0","13","null","null","0","null","13","null","0","13","null","null","0","13","null","null","0","13","null","null","0","13","null","null","0","13","null","null","0","13","null","null","0","13","null","null","0","null","13","null","14","23","null","null","40","68","null","null","0","13","null","null","430","259","null","null","0","13","null","null","9","16","null","null","159","109","null","null","90","104","null","null","177","115","null","null","18","28","null","null","0","13","null","null","0","null","13","null",
"1500000US516500105041","Block Group 1, Census Tract 105.04, Hampton city, Virginia","1176","315","null","null","17","23","null","null","0","13","null","null","0","13","null","null","0","null","13","null","0","13","null","null","0","13","null","null","0","13","null","null","0","13","null","null","0","13","null","null","0","13","null","null","0","13","null","null","0","null","13","null","0","13","null","null","26","32","null","null","17","27","null","null","310","139","null","null","7","6","null","null","97","84","null","null","108","63","null","null","189","148","null","null","281","147","null","null","95","95","null","null","0","13","null","null","29","null","33","null",
"1500000US516500105042","Block Group 2, Census Tract 105.04, Hampton city, Virginia","1339","332","null","null","132","168","null","null","0","13","null","null","0","13","null","null","0","null","13","null","0","13","null","null","0","13","null","null","0","13","null","null","0","13","null","null","0","13","null","null","28","33","null","null","22","30","null","null","0","null","13","null","0","13","null","null","0","13","null","null","10","17","null","null","288","121","null","null","72","79","null","null","93","64","null","null","442","235","null","null","78","78","null","null","138","107","null","null","36","40","null","null","0","13","null","null","0","null","13","null",
"1500000US516500106011","Block Group 1, Census Tract 106.01, Hampton city, Virginia","452","179","null","null","25","36","null","null","0","13","null","null","0","13","null","null","0","null","13","null","0","13","null","null","0","13","null","null","0","13","null","null","0","13","null","null","0","13","null","null","0","13","null","null","0","13","null","null","17","null","29","null","0","13","null","null","22","36","null","null","0","13","null","null","241","157","null","null","28","26","null","null","0","13","null","null","77","68","null","null","0","13","null","null","31","29","null","null","11","16","null","null","0","13","null","null","0","null","13","null",
"1500000US516500106012","Block Group 2, Census Tract 106.01, Hampton city, Virginia","494","148","null","null","50","76","null","null","0","13","null","null","0","13","null","null","0","null","13","null","0","13","null","null","0","13","null","null","0","13","null","null","0","13","null","null","0","13","null","null","6","11","null","null","0","13","null","null","12","null","15","null","35","27","null","null","12","21","null","null","0","13","null","null","92","87","null","null","55","51","null","null","23","21","null","null","80","60","null","null","13","20","null","null","46","30","null","null","70","59","null","null","0","13","null","null","0","null","13","null",
"1500000US516500106021","Block Group 1, Census Tract 106.02, Hampton city, Virginia","788","226","null","null","4","8","null","null","0","13","null","null","0","13","null","null","0","null","13","null","0","13","null","null","0","13","null","null","0","13","null","null","0","13","null","null","0","13","null","null","0","13","null","null","0","13","null","null","24","null","36","null","28","34","null","null","9","17","null","null","13","21","null","null","218","186","null","null","13","23","null","null","201","136","null","null","66","55","null","null","94","86","null","null","118","89","null","null","0","13","null","null","0","13","null","null","0","null","13","null",
"1500000US516500106022","Block Group 2, Census Tract 106.02, Hampton city, Virginia","766","181","null","null","22","25","null","null","0","13","null","null","0","13","null","null","0","null","13","null","0","13","null","null","0","13","null","null","0","13","null","null","0","13","null","null","0","13","null","null","16","26","null","null","11","18","null","null","9","null","15","null","17","22","null","null","77","64","null","null","43","47","null","null","179","79","null","null","33","41","null","null","79","60","null","null","136","75","null","null","80","50","null","null","54","54","null","null","10","18","null","null","0","13","null","null","0","null","13","null",
"1500000US516500107011","Block Group 1, Census Tract 107.01, Hampton city, Virginia","1089","202","null","null","22","27","null","null","0","13","null","null","0","13","null","null","0","null","13","null","0","13","null","null","0","13","null","null","0","13","null","null","0","13","null","null","0","13","null","null","15","25","null","null","0","13","null","null","0","null","13","null","95","74","null","null","15","23","null","null","30","29","null","null","254","79","null","null","8","13","null","null","104","51","null","null","113","80","null","null","198","89","null","null","135","77","null","null","55","54","null","null","22","27","null","null","23","null","30","null",
"1500000US516500107012","Block Group 2, Census Tract 107.01, Hampton city, Virginia","1132","256","null","null","0","13","null","null","0","13","null","null","0","13","null","null","0","null","13","null","0","13","null","null","0","13","null","null","0","13","null","null","0","13","null","null","0","13","null","null","0","13","null","null","9","12","null","null","6","null","11","null","25","41","null","null","34","40","null","null","8","14","null","null","439","187","null","null","38","50","null","null","93","76","null","null","319","194","null","null","36","36","null","null","109","87","null","null","16","17","null","null","0","13","null","null","0","null","13","null",
"1500000US516500107021","Block Group 1, Census Tract 107.02, Hampton city, Virginia","1340","226","null","null","7","12","null","null","0","13","null","null","0","13","null","null","0","null","13","null","0","13","null","null","0","13","null","null","0","13","null","null","0","13","null","null","0","13","null","null","0","13","null","null","28","27","null","null","28","null","39","null","0","13","null","null","8","12","null","null","30","32","null","null","342","139","null","null","158","88","null","null","206","101","null","null","209","88","null","null","107","61","null","null","157","64","null","null","47","37","null","null","0","13","null","null","13","null","16","null",
"1500000US516500107022","Block Group 2, Census Tract 107.02, Hampton city, Virginia","1295","335","null","null","13","22","null","null","0","13","null","null","0","13","null","null","0","null","13","null","0","13","null","null","0","13","null","null","0","13","null","null","0","13","null","null","0","13","null","null","0","13","null","null","8","14","null","null","0","null","13","null","21","32","null","null","44","65","null","null","3","8","null","null","383","227","null","null","87","56","null","null","81","56","null","null","220","91","null","null","96","56","null","null","256","146","null","null","83","75","null","null","0","13","null","null","0","null","13","null",
"1500000US516500107031","Block Group 1, Census Tract 107.03, Hampton city, Virginia","655","164","null","null","0","13","null","null","0","13","null","null","0","13","null","null","0","null","13","null","0","13","null","null","0","13","null","null","0","13","null","null","0","13","null","null","0","13","null","null","0","13","null","null","0","13","null","null","64","null","64","null","0","13","null","null","0","13","null","null","8","13","null","null","97","54","null","null","11","15","null","null","26","25","null","null","176","133","null","null","113","80","null","null","133","72","null","null","27","26","null","null","0","13","null","null","0","null","13","null",
"1500000US516500107032","Block Group 2, Census Tract 107.03, Hampton city, Virginia","840","174","null","null","0","13","null","null","0","13","null","null","0","13","null","null","0","null","13","null","0","13","null","null","0","13","null","null","0","13","null","null","0","13","null","null","0","13","null","null","0","13","null","null","0","13","null","null","0","null","13","null","0","13","null","null","26","29","null","null","33","42","null","null","91","58","null","null","44","40","null","null","43","44","null","null","171","131","null","null","77","47","null","null","222","81","null","null","88","59","null","null","0","13","null","null","45","null","46","null",
"1500000US516500107033","Block Group 3, Census Tract 107.03, Hampton city, Virginia","428","121","null","null","0","13","null","null","0","13","null","null","0","13","null","null","0","null","13","null","0","13","null","null","0","13","null","null","0","13","null","null","0","13","null","null","0","13","null","null","0","13","null","null","0","13","null","null","0","null","13","null","0","13","null","null","0","13","null","null","0","13","null","null","77","54","null","null","23","36","null","null","117","69","null","null","15","18","null","null","43","37","null","null","66","41","null","null","64","44","null","null","14","24","null","null","9","null","14","null",
"1500000US516500108001","Block Group 1, Census Tract 108, Hampton city, Virginia","1099","242","null","null","0","13","null","null","0","13","null","null","0","13","null","null","0","null","13","null","0","13","null","null","0","13","null","null","0","13","null","null","0","13","null","null","0","13","null","null","0","13","null","null","0","13","null","null","28","null","43","null","0","13","null","null","73","79","null","null","0","13","null","null","239","104","null","null","77","85","null","null","69","59","null","null","122","93","null","null","89","79","null","null","322","174","null","null","44","44","null","null","0","13","null","null","36","null","56","null",
"1500000US516500108002","Block Group 2, Census Tract 108, Hampton city, Virginia","885","299","null","null","27","32","null","null","0","13","null","null","0","13","null","null","0","null","13","null","0","13","null","null","0","13","null","null","0","13","null","null","0","13","null","null","0","13","null","null","0","13","null","null","0","13","null","null","0","null","13","null","0","13","null","null","0","13","null","null","31","35","null","null","228","135","null","null","21","35","null","null","71","63","null","null","79","58","null","null","36","35","null","null","229","103","null","null","153","180","null","null","0","13","null","null","10","null","16","null",
"1500000US516500108003","Block Group 3, Census Tract 108, Hampton city, Virginia","1012","404","null","null","0","13","null","null","0","13","null","null","0","13","null","null","0","null","13","null","0","13","null","null","0","13","null","null","0","13","null","null","0","13","null","null","0","13","null","null","0","13","null","null","0","13","null","null","0","null","13","null","9","21","null","null","0","13","null","null","0","13","null","null","59","42","null","null","0","13","null","null","23","29","null","null","146","74","null","null","79","63","null","null","173","90","null","null","381","261","null","null","14","25","null","null","128","null","135","null",
"1500000US516500108004","Block Group 4, Census Tract 108, Hampton city, Virginia","653","219","null","null","0","13","null","null","0","13","null","null","0","13","null","null","0","null","13","null","0","13","null","null","0","13","null","null","0","13","null","null","0","13","null","null","0","13","null","null","0","13","null","null","0","13","null","null","9","null","16","null","0","13","null","null","0","13","null","null","61","62","null","null","105","78","null","null","0","13","null","null","45","50","null","null","327","168","null","null","76","93","null","null","11","19","null","null","8","13","null","null","0","13","null","null","11","null","16","null",
"1500000US516500109001","Block Group 1, Census Tract 109, Hampton city, Virginia","497","135","null","null","0","13","null","null","0","13","null","null","0","13","null","null","0","null","13","null","0","13","null","null","0","13","null","null","0","13","null","null","0","13","null","null","0","13","null","null","0","13","null","null","11","17","null","null","5","null","8","null","3","5","null","null","62","63","null","null","0","13","null","null","32","29","null","null","46","29","null","null","47","35","null","null","93","74","null","null","54","54","null","null","99","54","null","null","40","48","null","null","5","8","null","null","0","null","13","null",
"1500000US516500109002","Block Group 2, Census Tract 109, Hampton city, Virginia","863","154","null","null","39","30","null","null","0","13","null","null","0","13","null","null","0","null","13","null","0","13","null","null","0","13","null","null","0","13","null","null","0","13","null","null","0","13","null","null","0","13","null","null","13","14","null","null","0","null","13","null","18","36","null","null","14","16","null","null","18","20","null","null","281","110","null","null","51","39","null","null","59","35","null","null","120","47","null","null","83","37","null","null","104","85","null","null","46","37","null","null","17","15","null","null","0","null","13","null",
"1500000US516500110011","Block Group 1, Census Tract 110.01, Hampton city, Virginia","966","257","null","null","0","13","null","null","0","13","null","null","0","13","null","null","0","null","13","null","0","13","null","null","0","13","null","null","0","13","null","null","0","13","null","null","11","19","null","null","0","13","null","null","0","13","null","null","0","null","13","null","0","13","null","null","0","13","null","null","30","48","null","null","158","123","null","null","26","29","null","null","35","36","null","null","269","164","null","null","39","39","null","null","251","109","null","null","30","34","null","null","115","60","null","null","2","null","8","null",
"1500000US516500110012","Block Group 2, Census Tract 110.01, Hampton city, Virginia","865","396","null","null","0","13","null","null","0","13","null","null","0","13","null","null","0","null","13","null","0","13","null","null","0","13","null","null","0","13","null","null","0","13","null","null","0","13","null","null","0","13","null","null","0","13","null","null","0","null","13","null","0","13","null","null","11","18","null","null","0","13","null","null","247","196","null","null","46","41","null","null","115","87","null","null","80","84","null","null","30","37","null","null","264","195","null","null","47","66","null","null","0","13","null","null","25","null","46","null",
"1500000US516500110021","Block Group 1, Census Tract 110.02, Hampton city, Virginia","767","242","null","null","0","13","null","null","0","13","null","null","0","13","null","null","0","null","13","null","0","13","null","null","0","13","null","null","0","13","null","null","0","13","null","null","0","13","null","null","39","48","null","null","0","13","null","null","0","null","13","null","43","53","null","null","0","13","null","null","0","13","null","null","164","103","null","null","0","13","null","null","59","79","null","null","123","101","null","null","112","81","null","null","115","93","null","null","108","92","null","null","4","13","null","null","0","null","13","null",
"1500000US516500110022","Block Group 2, Census Tract 110.02, Hampton city, Virginia","1286","431","null","null","0","13","null","null","0","13","null","null","0","13","null","null","0","null","13","null","0","13","null","null","3","20","null","null","0","13","null","null","0","13","null","null","0","13","null","null","0","13","null","null","0","13","null","null","16","null","28","null","0","13","null","null","71","71","null","null","19","30","null","null","363","239","null","null","293","210","null","null","147","122","null","null","70","67","null","null","176","156","null","null","61","72","null","null","67","67","null","null","0","13","null","null","0","null","13","null",
"1500000US516500111001","Block Group 1, Census Tract 111, Hampton city, Virginia","308","73","null","null","2","3","null","null","0","13","null","null","0","13","null","null","0","null","13","null","0","13","null","null","0","13","null","null","0","13","null","null","0","13","null","null","0","13","null","null","0","13","null","null","0","13","null","null","0","null","13","null","0","13","null","null","0","13","null","null","9","10","null","null","21","15","null","null","0","13","null","null","10","11","null","null","48","34","null","null","22","16","null","null","87","27","null","null","88","33","null","null","4","5","null","null","17","null","15","null",
"1500000US516500112001","Block Group 1, Census Tract 112, Hampton city, Virginia","733","158","null","null","0","13","null","null","0","13","null","null","0","13","null","null","0","null","13","null","0","13","null","null","0","13","null","null","0","13","null","null","0","13","null","null","0","13","null","null","0","13","null","null","0","13","null","null","10","null","16","null","11","16","null","null","22","23","null","null","20","34","null","null","228","100","null","null","30","35","null","null","68","42","null","null","110","61","null","null","23","24","null","null","158","89","null","null","33","30","null","null","0","13","null","null","20","null","33","null",
"1500000US516500112002","Block Group 2, Census Tract 112, Hampton city, Virginia","388","174","null","null","0","13","null","null","0","13","null","null","0","13","null","null","0","null","13","null","0","13","null","null","0","13","null","null","0","13","null","null","0","13","null","null","0","13","null","null","0","13","null","null","12","18","null","null","0","null","13","null","0","13","null","null","6","11","null","null","3","5","null","null","79","57","null","null","124","103","null","null","35","28","null","null","65","52","null","null","34","36","null","null","17","16","null","null","13","19","null","null","0","13","null","null","0","null","13","null",
"1500000US516500112003","Block Group 3, Census Tract 112, Hampton city, Virginia","816","293","null","null","13","15","null","null","0","13","null","null","0","13","null","null","0","null","13","null","0","13","null","null","0","13","null","null","37","55","null","null","0","13","null","null","0","13","null","null","0","13","null","null","0","13","null","null","0","null","13","null","0","13","null","null","0","13","null","null","0","13","null","null","219","85","null","null","18","29","null","null","57","80","null","null","312","279","null","null","50","36","null","null","66","36","null","null","44","62","null","null","0","13","null","null","0","null","13","null",
"1500000US516500113001","Block Group 1, Census Tract 113, Hampton city, Virginia","852","186","null","null","16","19","null","null","0","13","null","null","0","13","null","null","0","null","13","null","5","11","null","null","0","13","null","null","0","13","null","null","0","13","null","null","7","12","null","null","0","13","null","null","55","81","null","null","33","null","33","null","4","6","null","null","13","20","null","null","8","11","null","null","195","98","null","null","35","27","null","null","65","45","null","null","239","128","null","null","22","18","null","null","95","45","null","null","24","25","null","null","36","31","null","null","0","null","13","null",
"1500000US516500113002","Block Group 2, Census Tract 113, Hampton city, Virginia","387","120","null","null","5","8","null","null","0","13","null","null","0","13","null","null","0","null","13","null","0","13","null","null","0","13","null","null","0","13","null","null","0","13","null","null","0","13","null","null","4","7","null","null","0","13","null","null","8","null","17","null","14","18","null","null","0","13","null","null","6","9","null","null","138","74","null","null","5","8","null","null","25","20","null","null","80","48","null","null","31","23","null","null","17","15","null","null","49","39","null","null","0","13","null","null","5","null","8","null",
"1500000US516500114001","Block Group 1, Census Tract 114, Hampton city, Virginia","308","110","null","null","0","13","null","null","0","13","null","null","0","13","null","null","0","null","13","null","0","13","null","null","9","17","null","null","0","13","null","null","0","13","null","null","0","13","null","null","0","13","null","null","3","5","null","null","9","null","16","null","9","11","null","null","5","9","null","null","3","6","null","null","66","52","null","null","15","20","null","null","17","23","null","null","93","60","null","null","16","16","null","null","58","47","null","null","5","8","null","null","0","13","null","null","0","null","13","null",
"1500000US516500115001","Block Group 1, Census Tract 115, Hampton city, Virginia","913","178","null","null","0","13","null","null","0","13","null","null","0","13","null","null","0","null","13","null","0","13","null","null","0","13","null","null","0","13","null","null","0","13","null","null","0","13","null","null","0","13","null","null","0","13","null","null","0","null","13","null","0","13","null","null","0","13","null","null","0","13","null","null","158","100","null","null","47","47","null","null","58","43","null","null","200","87","null","null","67","63","null","null","124","53","null","null","123","52","null","null","81","51","null","null","55","null","40","null",
"1500000US516500115002","Block Group 2, Census Tract 115, Hampton city, Virginia","511","111","null","null","0","13","null","null","0","13","null","null","0","13","null","null","0","null","13","null","0","13","null","null","0","13","null","null","0","13","null","null","0","13","null","null","0","13","null","null","0","13","null","null","0","13","null","null","0","null","13","null","22","26","null","null","8","15","null","null","0","13","null","null","119","59","null","null","9","15","null","null","61","52","null","null","75","41","null","null","99","54","null","null","97","51","null","null","15","24","null","null","0","13","null","null","6","null","9","null",
"1500000US516500115003","Block Group 3, Census Tract 115, Hampton city, Virginia","694","221","null","null","0","13","null","null","0","13","null","null","0","13","null","null","0","null","13","null","0","13","null","null","0","13","null","null","0","13","null","null","0","13","null","null","0","13","null","null","0","13","null","null","0","13","null","null","0","null","13","null","0","13","null","null","0","13","null","null","0","13","null","null","73","86","null","null","0","13","null","null","43","39","null","null","100","48","null","null","35","34","null","null","277","141","null","null","148","65","null","null","18","18","null","null","0","null","13","null",
"1500000US516500115004","Block Group 4, Census Tract 115, Hampton city, Virginia","771","197","null","null","0","13","null","null","0","13","null","null","0","13","null","null","0","null","13","null","0","13","null","null","0","13","null","null","0","13","null","null","0","13","null","null","0","13","null","null","0","13","null","null","0","13","null","null","0","null","13","null","18","27","null","null","2","4","null","null","24","37","null","null","104","47","null","null","21","34","null","null","14","18","null","null","163","134","null","null","77","45","null","null","182","69","null","null","112","56","null","null","54","48","null","null","0","null","13","null",
"1500000US516500116001","Block Group 1, Census Tract 116, Hampton city, Virginia","1141","474","null","null","0","13","null","null","0","13","null","null","0","13","null","null","0","null","13","null","0","13","null","null","10","20","null","null","0","13","null","null","0","13","null","null","11","19","null","null","0","13","null","null","0","13","null","null","9","null","15","null","11","19","null","null","0","13","null","null","0","13","null","null","157","102","null","null","28","36","null","null","94","72","null","null","109","91","null","null","393","430","null","null","174","88","null","null","145","142","null","null","0","13","null","null","0","null","13","null",
"1500000US516500116002","Block Group 2, Census Tract 116, Hampton city, Virginia","579","187","null","null","0","13","null","null","0","13","null","null","0","13","null","null","0","null","13","null","0","13","null","null","0","13","null","null","0","13","null","null","0","13","null","null","0","13","null","null","21","35","null","null","38","50","null","null","0","null","13","null","26","29","null","null","0","13","null","null","0","13","null","null","106","112","null","null","0","13","null","null","0","13","null","null","107","67","null","null","35","43","null","null","237","107","null","null","9","13","null","null","0","13","null","null","0","null","13","null",
"1500000US516500116003","Block Group 3, Census Tract 116, Hampton city, Virginia","295","140","null","null","0","13","null","null","0","13","null","null","0","13","null","null","0","null","13","null","0","13","null","null","0","13","null","null","0","13","null","null","0","13","null","null","11","18","null","null","0","13","null","null","0","13","null","null","0","null","13","null","0","13","null","null","0","13","null","null","0","13","null","null","123","75","null","null","32","50","null","null","20","33","null","null","24","29","null","null","30","31","null","null","42","39","null","null","13","19","null","null","0","13","null","null","0","null","13","null",
"1500000US516500118001","Block Group 1, Census Tract 118, Hampton city, Virginia","651","186","null","null","14","23","null","null","0","13","null","null","0","13","null","null","0","null","13","null","0","13","null","null","0","13","null","null","0","13","null","null","0","13","null","null","0","13","null","null","9","15","null","null","0","13","null","null","0","null","13","null","9","17","null","null","50","38","null","null","0","13","null","null","216","133","null","null","0","13","null","null","37","35","null","null","34","33","null","null","63","52","null","null","108","92","null","null","59","60","null","null","52","66","null","null","0","null","13","null",
"1500000US516500118002","Block Group 2, Census Tract 118, Hampton city, Virginia","272","134","null","null","0","13","null","null","0","13","null","null","0","13","null","null","0","null","13","null","0","13","null","null","0","13","null","null","0","13","null","null","0","13","null","null","0","13","null","null","0","13","null","null","0","13","null","null","0","null","13","null","12","18","null","null","0","13","null","null","0","13","null","null","85","76","null","null","7","13","null","null","33","28","null","null","39","46","null","null","47","72","null","null","41","46","null","null","8","14","null","null","0","13","null","null","0","null","13","null",
"1500000US516500118003","Block Group 3, Census Tract 118, Hampton city, Virginia","306","101","null","null","31","43","null","null","0","13","null","null","0","13","null","null","0","null","13","null","0","13","null","null","0","13","null","null","0","13","null","null","0","13","null","null","0","13","null","null","0","13","null","null","0","13","null","null","0","null","13","null","0","13","null","null","0","13","null","null","6","11","null","null","144","100","null","null","23","27","null","null","12","19","null","null","60","51","null","null","6","10","null","null","24","28","null","null","0","13","null","null","0","13","null","null","0","null","13","null",
"1500000US516500118004","Block Group 4, Census Tract 118, Hampton city, Virginia","864","206","null","null","27","33","null","null","0","13","null","null","0","13","null","null","0","null","13","null","0","13","null","null","9","18","null","null","0","13","null","null","0","13","null","null","0","13","null","null","0","13","null","null","0","13","null","null","0","null","13","null","12","18","null","null","0","13","null","null","13","20","null","null","186","86","null","null","62","56","null","null","104","103","null","null","257","134","null","null","31","33","null","null","98","71","null","null","31","39","null","null","34","48","null","null","0","null","13","null",
"1500000US516500118005","Block Group 5, Census Tract 118, Hampton city, Virginia","172","100","null","null","0","13","null","null","0","13","null","null","0","13","null","null","0","null","13","null","0","13","null","null","0","13","null","null","0","13","null","null","0","13","null","null","0","13","null","null","0","13","null","null","0","13","null","null","0","null","13","null","0","13","null","null","0","13","null","null","0","13","null","null","87","69","null","null","17","27","null","null","6","11","null","null","12","21","null","null","19","30","null","null","10","16","null","null","21","25","null","null","0","13","null","null","0","null","13","null",
"1500000US516500118006","Block Group 6, Census Tract 118, Hampton city, Virginia","864","297","null","null","10","15","null","null","0","13","null","null","0","13","null","null","0","null","13","null","0","13","null","null","0","13","null","null","0","13","null","null","0","13","null","null","23","34","null","null","0","13","null","null","0","13","null","null","18","null","27","null","13","21","null","null","12","20","null","null","0","13","null","null","205","120","null","null","28","27","null","null","91","79","null","null","97","72","null","null","250","294","null","null","78","58","null","null","39","54","null","null","0","13","null","null","0","null","13","null",
"1500000US516500119001","Block Group 1, Census Tract 119, Hampton city, Virginia","659","252","null","null","0","13","null","null","0","13","null","null","0","13","null","null","0","null","13","null","0","13","null","null","0","13","null","null","0","13","null","null","0","13","null","null","0","13","null","null","0","13","null","null","0","13","null","null","0","null","13","null","22","37","null","null","43","43","null","null","0","13","null","null","262","209","null","null","131","61","null","null","18","33","null","null","63","49","null","null","0","13","null","null","96","89","null","null","24","26","null","null","0","13","null","null","0","null","13","null",
"1500000US516500119002","Block Group 2, Census Tract 119, Hampton city, Virginia","657","229","null","null","16","30","null","null","0","13","null","null","0","13","null","null","0","null","13","null","0","13","null","null","0","13","null","null","0","13","null","null","0","13","null","null","0","13","null","null","14","21","null","null","0","13","null","null","19","null","23","null","0","13","null","null","59","66","null","null","17","24","null","null","166","81","null","null","58","41","null","null","36","31","null","null","71","53","null","null","32","39","null","null","153","158","null","null","16","29","null","null","0","13","null","null","0","null","13","null",
"1500000US516500119003","Block Group 3, Census Tract 119, Hampton city, Virginia","593","186","null","null","0","13","null","null","0","13","null","null","0","13","null","null","0","null","13","null","0","13","null","null","0","13","null","null","0","13","null","null","0","13","null","null","0","13","null","null","0","13","null","null","0","13","null","null","27","null","40","null","0","13","null","null","0","13","null","null","0","13","null","null","131","82","null","null","59","59","null","null","71","70","null","null","200","127","null","null","52","60","null","null","45","30","null","null","8","15","null","null","0","13","null","null","0","null","13","null",
"1500000US516500120001","Block Group 1, Census Tract 120, Hampton city, Virginia","1430","250","null","null","19","23","null","null","0","13","null","null","0","13","null","null","0","null","13","null","0","13","null","null","0","13","null","null","0","13","null","null","0","13","null","null","0","13","null","null","11","17","null","null","0","13","null","null","0","null","13","null","40","31","null","null","10","18","null","null","54","69","null","null","450","152","null","null","84","45","null","null","62","43","null","null","266","119","null","null","220","121","null","null","125","72","null","null","53","52","null","null","23","37","null","null","13","null","23","null",
"1500000US516500120002","Block Group 2, Census Tract 120, Hampton city, Virginia","662","194","null","null","8","16","null","null","0","13","null","null","0","13","null","null","0","null","13","null","0","13","null","null","0","13","null","null","0","13","null","null","0","13","null","null","0","13","null","null","0","13","null","null","0","13","null","null","0","null","13","null","0","13","null","null","58","43","null","null","12","18","null","null","101","63","null","null","157","131","null","null","73","45","null","null","92","77","null","null","53","49","null","null","71","47","null","null","37","40","null","null","0","13","null","null","0","null","13","null",
"1500000US516500121001","Block Group 1, Census Tract 121, Hampton city, Virginia","578","157","null","null","0","13","null","null","0","13","null","null","0","13","null","null","0","null","13","null","0","13","null","null","0","13","null","null","0","13","null","null","0","13","null","null","0","13","null","null","0","13","null","null","0","13","null","null","0","null","13","null","0","13","null","null","0","13","null","null","0","13","null","null","166","120","null","null","28","34","null","null","10","18","null","null","80","57","null","null","91","74","null","null","167","107","null","null","14","23","null","null","22","35","null","null","0","null","13","null",
"1500000US516500121002","Block Group 2, Census Tract 121, Hampton city, Virginia","2085","544","null","null","0","13","null","null","0","13","null","null","0","13","null","null","0","null","13","null","0","13","null","null","0","13","null","null","0","13","null","null","0","13","null","null","0","13","null","null","25","40","null","null","0","13","null","null","12","null","19","null","12","19","null","null","22","30","null","null","13","21","null","null","615","257","null","null","53","73","null","null","146","143","null","null","305","153","null","null","284","176","null","null","237","132","null","null","315","162","null","null","20","31","null","null","26","null","39","null",
"1500000US516500121003","Block Group 3, Census Tract 121, Hampton city, Virginia","1343","349","null","null","0","13","null","null","0","13","null","null","0","13","null","null","0","null","13","null","0","13","null","null","0","13","null","null","0","13","null","null","0","13","null","null","0","13","null","null","48","49","null","null","0","13","null","null","0","null","13","null","0","13","null","null","0","13","null","null","33","52","null","null","422","168","null","null","62","68","null","null","79","60","null","null","334","144","null","null","27","32","null","null","145","97","null","null","183","95","null","null","0","13","null","null","10","null","18","null",
"1500000US516500121004","Block Group 4, Census Tract 121, Hampton city, Virginia","504","192","null","null","0","13","null","null","0","13","null","null","0","13","null","null","0","null","13","null","0","13","null","null","0","13","null","null","0","13","null","null","0","13","null","null","0","13","null","null","0","13","null","null","0","13","null","null","0","null","13","null","0","13","null","null","0","13","null","null","0","13","null","null","157","104","null","null","33","48","null","null","0","13","null","null","121","90","null","null","83","62","null","null","22","27","null","null","66","56","null","null","22","35","null","null","0","null","13","null",
"1500000US516509901000","Block Group 0, Census Tract 9901, Hampton city, Virginia","0","13","null","null","0","13","null","null","0","13","null","null","0","13","null","null","0","null","13","null","0","13","null","null","0","13","null","null","0","13","null","null","0","13","null","null","0","13","null","null","0","13","null","null","0","13","null","null","0","null","13","null","0","13","null","null","0","13","null","null","0","13","null","null","0","13","null","null","0","13","null","null","0","13","null","null","0","13","null","null","0","13","null","null","0","13","null","null","0","13","null","null","0","13","null","null","0","null","13","null",
